pubkey,feedivider
0x836900491ae2a495f9adc2cdf78cd4b4a4f8ac820a8b17fb06f87cb1b872a9907025017a7027eb88a4637810519d611d,0x05660a51A688E9F102f0bF46Cb6e64efc3381408
0x9097e1d6fa353f89beaf930d55cbde06bf832375643f0c94c3ad275a06932f7997f458e336e812624e9555192b97aa05,0x05660a51A688E9F102f0bF46Cb6e64efc3381408
0xac6d27989163a6cf35b35909a59d04393cc5409243e5e8225471ffc57c8dad2c82f874a33536206646ef50085dc6a774,0xB21E436D4deA46adbB3F5276d357180e694dC8b7
0x83342b2d9f212f891221c32a7ed472da56b02b4c5f0da7e9e505767e20082f1478c76dd044e1741a5ef5bd2c0e7781f8,0xB21E436D4deA46adbB3F5276d357180e694dC8b7
0x8166230cd3b82853949160bcb2e31f6ba309da2277224ff19b75a3ee51195a439f882feb871ea63c540cfef3969eb50c,0xB21E436D4deA46adbB3F5276d357180e694dC8b7
0xa8dc7c622517797001247c81222d9f1a094b8dfc02a5fb602e3221847ff7227fbe7c29e90fb15e7b285028e508db0f79,0xB21E436D4deA46adbB3F5276d357180e694dC8b7
0x88cbc372b68306cba571d05091fe1ed91ef0ffbc7b60e305e79865fe1a009234d522a1914b67867559d6f206ceceedf5,0xB21E436D4deA46adbB3F5276d357180e694dC8b7
0xacf5434952736231c22c9d39bdfe1c2a68ba5e3232c3c48dd89b294e8707f7e79e7ea60474a53f1f333cb0b2f569ea42,0xB21E436D4deA46adbB3F5276d357180e694dC8b7
0x87772d50043e6e13ab46a0a9dba4fc1cba38fd521ff2ca7228a7a767295893bed38a008a8d438ffde4e5b7f8fa78c0cd,0xB21E436D4deA46adbB3F5276d357180e694dC8b7
0xb1781868b72fde1ebe42127c579e419a5c419572e50cb1b8feec9e7b139e56eef20f1b414db0785850c92aced5bc6287,0xB21E436D4deA46adbB3F5276d357180e694dC8b7
0x98906bdababf7f93c4ed082e118feb64f1aa9cadd4405cd610f74281c116f5563c2cb305fd9578bc8dff8f615640db41,0xB21E436D4deA46adbB3F5276d357180e694dC8b7
0xa8539646050fa4c959889844b2893510e141826de73d26e3ed1040ffc5f333f61d67c4698548353963596d9edfbdfc1d,0xB21E436D4deA46adbB3F5276d357180e694dC8b7
0xa1a008e140e68bb075fd65fbc4d67a978907b6e5e80bbdb4f06ff7a32615941eeb21895c49132d9a7710f7759cf4c18f,0xB21E436D4deA46adbB3F5276d357180e694dC8b7
0xb173161f0d3524c44942cdcb9dabb8dc116f7f58b0491e38c4accb8c4c5f5f409089236a293b0fef3fb0b979f1ee0dc9,0xB21E436D4deA46adbB3F5276d357180e694dC8b7
0x8d0c21a7e85fbc75079c6bb7b41e1682b87cd0103aa29e47611acea07a6d999759ce769e68315c58a107cdf8427bed6a,0xB21E436D4deA46adbB3F5276d357180e694dC8b7
0x82c957b25f56bd9f1a067d73993eb047c33dc02ea2841a64040179c4bb28536c570bf7b8f813c292fb48487c9c399494,0xB21E436D4deA46adbB3F5276d357180e694dC8b7
0xa7ee2d545534c156ded54081e5d110e2c3d3bdd51c49008e7e8295b839d82a3aaa7941851247c54f25881b86d6970a17,0xB21E436D4deA46adbB3F5276d357180e694dC8b7
0xa3357eac6d21819d666d87016bfe1f144c3f2ae894a48edb1eecdcd9eb6f0efc2c98824bf1633d48d7fde676a1376ecc,0xB21E436D4deA46adbB3F5276d357180e694dC8b7
0xaacdedbac11667891eb7bbb063190588ac23b1ac908015af19b911f9559890fbabc7615190baf3f1d02755f073cf19d9,0xB21E436D4deA46adbB3F5276d357180e694dC8b7
0x9722bfff00b98f60bad45b7d9e57fec99e93951353d9e0ef6a730bed67a3f51cde8962941081bd1d65b76375a7b42351,0xB21E436D4deA46adbB3F5276d357180e694dC8b7
0xa5f19e5b16c3d4ca0bc550fd95a2c18004ad6a8c38b31ad1358be8b7448cd26e6978917c2891618a52d2af5fe8d74d54,0xB21E436D4deA46adbB3F5276d357180e694dC8b7
0x8c3eb4c5ca01155aa922e1ef5fc2847932d8d4b922c221704abf202327bd72405286708a0799d47fd29b34763665f88d,0xB21E436D4deA46adbB3F5276d357180e694dC8b7
0xb2ab27762e0b6eea73a6d1b593522a1c6d147bd439691fd449cb5c6876f683dac975339399915ced115a39be55f121bb,0xB21E436D4deA46adbB3F5276d357180e694dC8b7
0xa9d9eca61e9245e9e885e3061bec25b3435b06ab723f276ae7b17785d40ca8227ccc3fdc08f6f6ebb5caef519e00399c,0xB21E436D4deA46adbB3F5276d357180e694dC8b7
0xa254fff2104e2341f4109be3a0d48c7e9b14e7185732f9e74e9ffe721b6543a4f656fcf4a49b1170d67119f552d7dccd,0xB21E436D4deA46adbB3F5276d357180e694dC8b7
0x886d76fb216929e0373347e6457609eeb04edb19c330679a68ceb0c375c58669cd42ced87a119367ef2f844027af1e93,0xB21E436D4deA46adbB3F5276d357180e694dC8b7
0x86f60c8a27f95e29a2d566f931ece8404095262ef206b39917ab8d53e288eb769ca27c89615853492d9ed1d7ad3f17de,0xB21E436D4deA46adbB3F5276d357180e694dC8b7
0xb6527547ca58934e32cae12d4f8d759cdea35146dac0f15ac0dc0167033303030a8f049c1bbddee6bb59c49098d7a6a2,0xB21E436D4deA46adbB3F5276d357180e694dC8b7
0xa7b62477422e2eea51d4e10437a513e7a25f8265b8a0840b5c9defc933a55ae1f67029af48f6a5070c2fb7cb65f331c8,0xB21E436D4deA46adbB3F5276d357180e694dC8b7
0xabf72a6780ee3dea970dd5bb820aeb2e1542f67c7afe686a814173a285abad77ef5b4551ad0537afe003a252b7e0eda5,0xB21E436D4deA46adbB3F5276d357180e694dC8b7
0x87876ac27d15c11c770b9fbf3564560a39195e4643fd85356e65d6a6a57c9c3dd0d1b4e775275b4b5f400b81fca7785d,0xB21E436D4deA46adbB3F5276d357180e694dC8b7
0xb326827d185060b19965057169614320708fe08dd717fdd0e3469505cd713e68d5aeb6950e5129567f8a915b709d3582,0xB21E436D4deA46adbB3F5276d357180e694dC8b7
0x85c16387c9f935492d9592be10b22b94d39740014d18f255cbdb3e29eb3af67ae4d2abe90e53685467b968484fed5daf,0xB21E436D4deA46adbB3F5276d357180e694dC8b7
0x803f529337a6fd9e62ce0fa33540f0f318ab83553f4980e0bc6bfc6acdab30e38e4eba8d0fb81a627d7344fbee42376a,0xB21E436D4deA46adbB3F5276d357180e694dC8b7
0x92c66a93df9c30d5482ff13bae7cbc91f4acb0f53b9ec0875b81f03f3331db0ca5247ff0ceb5e864022e4840a88f31ee,0xB21E436D4deA46adbB3F5276d357180e694dC8b7
0x911f8b7240eb058c21c26ffe86d05fda2de068e0020317a24d5d4228707099d5ce7a71c7d15463bb0ab1ea4603f23d0e,0xB21E436D4deA46adbB3F5276d357180e694dC8b7
0xb37f09f2291e09b6e38224cb34df76575a7328a277370ec47a90ef2536d41b6c5338a7a6052e669f92775ea36aa73f81,0xB21E436D4deA46adbB3F5276d357180e694dC8b7
0xa59c1176d9ee36e382b51eb8c78574bdadf0d002d2b286524bd920bf76f4b432c48dd442435f83250f3e05398346815f,0xB21E436D4deA46adbB3F5276d357180e694dC8b7
0x84389d49ffdc65219b974aeda6c29d00f771c0545be8291a1d9734114de58204781a3fdfe9462330b79a2517c106c593,0xB21E436D4deA46adbB3F5276d357180e694dC8b7
0xafbd0f150dc53d8c9748d578e018f3e58ffc75ad8aa6b4e68d4580f7d0110dfc69c6e68e290a54e06d95ce478a34d7d4,0xB21E436D4deA46adbB3F5276d357180e694dC8b7
0xa0813fc314091fac92d7c90e19db58c05e7cbd619d5a514c0b1927f61fbdd8c375d667dfc7f87ba39512899046c41ee5,0xB21E436D4deA46adbB3F5276d357180e694dC8b7
0xa1b4714e95ce13655228791e05a7b2d0f45f0933dc98049d9aa772fcde7bb1ce725e1bcd2370ad84cccaecd2db91f3b3,0xB21E436D4deA46adbB3F5276d357180e694dC8b7
0x93d7559883a972a8199113e08c2c23876f86d36f368b7d7152e6fbdb2e15da6e61f86851aec4f6280d52d8e7130d757f,0xB21E436D4deA46adbB3F5276d357180e694dC8b7
0x845234e69eb7b8c0d9bafbc589b51a93b0286de116a2f92ad950c7ce2d5263ffcf3a41fb110b58031e8ece78a208f855,0xB21E436D4deA46adbB3F5276d357180e694dC8b7
0xb1bbcd4204362e8aac989cd4314a9d9f543bcefb729e1659275e205fcc98d98a75a7cab54b778f5b70c10add31c0c16a,0xB21E436D4deA46adbB3F5276d357180e694dC8b7
0x995240f64e8a470af3b6c5192dceb22b6dce9919c1464cfe0dbfda58750427075045bf4a711ac2e864c32b6c73433b7b,0xB21E436D4deA46adbB3F5276d357180e694dC8b7
0x938360be25c034ac583c3a97c90fe63654bb99b0f0cd7e59967c33820d9512ac0c049009f62b365e28838264c9b64a72,0xB21E436D4deA46adbB3F5276d357180e694dC8b7
0x8ba9137d64296cdf52345e387d0a6874937cd05269fd88e70ad70383ba794c97d8ed75b1eec892c865ac1b9d7e8d0357,0xB21E436D4deA46adbB3F5276d357180e694dC8b7
0xa9fbe741a91f6356d08a3e7f81ebe3e93ed44c320ac008da7594c5a9a6436f92c40ce515cb83c191af744cc4d5644d4b,0xB21E436D4deA46adbB3F5276d357180e694dC8b7
0x878dd9a41c8bbcef4b083e8a3dbacc5bc2b0bd1d139888f714c6e49992ac686a664e4d2608689efb5c2a6d28a62c4916,0xB21E436D4deA46adbB3F5276d357180e694dC8b7
0xa7e4c7d3fd0063795632b94913e8cd3e7ea551a93a46855df41ac6a2361b483ecb31adf82a37c020d6fec346e5979094,0xB21E436D4deA46adbB3F5276d357180e694dC8b7
0xac36cbd92b13296d541013492b5d2515628a01cf5abfe83e625dc39a5b4ed57bddc7ec65487202d572cbad61d9ad363e,0xB21E436D4deA46adbB3F5276d357180e694dC8b7
0x909de38b9c78c6bd687474437584881d69f52cdb312ce149795e3f4079cb2f6f1813cd0404f26908fc57b25656c7e3d5,0xB21E436D4deA46adbB3F5276d357180e694dC8b7
0x8fb45854127d62e496996a2275a24ef78092f4ff026ca07c3a59a38abdefd521c582e875586c631f6c0644b36cf576f8,0xB21E436D4deA46adbB3F5276d357180e694dC8b7
0xa73f193b9b73c16dcb17d69ff4ca48fa084a1f1751317267ca9248249700173bdb47024e11a36c13443a002872c049f7,0xB21E436D4deA46adbB3F5276d357180e694dC8b7
0xb433b8427dc5875c6a10ed0aab9af2919f4eb2599b5127366906417119f12da1735dbd77457eff9a2dae3b61c42635f3,0xB21E436D4deA46adbB3F5276d357180e694dC8b7
0xb95242e1638f14dd99e5012aa2e3c89c78ced6556c10dd3217bffe7a1a89b679172589f5bc17fc990874a678524773d5,0xB21E436D4deA46adbB3F5276d357180e694dC8b7
0xb50980aee670b93967f25cafb3b53e09641c7cdc0846d74529d9929fa913a2b27432dcdb66218c303954c7aad9852869,0xB21E436D4deA46adbB3F5276d357180e694dC8b7
0x8400a91fdd44e1e50887e82f6f3d6346006375c020a4ec8cbe88c89e6682d3c0b16b386f67879e01d6641b08d2e6c510,0xB21E436D4deA46adbB3F5276d357180e694dC8b7
0x928f32e6510f91880f29d93c16aab46e4a985a1372fab9bd83da3dab43d9408424b94f7abd1882e91111a66b37ce4b84,0xB21E436D4deA46adbB3F5276d357180e694dC8b7
0xa5b06e09d42c4be75dc05cb1525adbec0584e101e6ad66eea90889ddd4d46e91392cb2a4c4b2fe2b86d067eb6ff4fe4e,0xB21E436D4deA46adbB3F5276d357180e694dC8b7
0xa40493519bfbc2fce5a4d9c5e75950d53d2b0128ebabb8d51730fff85b352d823d1eac0f21758fb5971880bb82dd75e2,0xB21E436D4deA46adbB3F5276d357180e694dC8b7
0x8428414e429c3147106f5cebefb44cb638c401c411f563b339f3808a4d9c2031095b4ac2a5d89ebf16857894aa6924a5,0xB21E436D4deA46adbB3F5276d357180e694dC8b7
0xb4a47e104ac43ff59181763aba1f0ecf45a581334f850d53a48b88077de4f2080adeca8ffa58b03a8df4fc2c01d10656,0xB21E436D4deA46adbB3F5276d357180e694dC8b7
0xaace7f57332d2df33da2693f05de7911259fce0674ec1b73328127ddb0d5350295aa64a3555d8ab8b8bf76e99ab80044,0xB21E436D4deA46adbB3F5276d357180e694dC8b7
0x93265b38e37986639109d2f803227eba9f6403a9f77dbbe6744f9e1494fa9d71f72e597db5b95bd5673ec7a50b4bf552,0xB21E436D4deA46adbB3F5276d357180e694dC8b7
0xac7ac185b43ed208967b35ffd1287928576757ed06c4f2bfc495d8591f7456c73856fe2e8068a91c81dc1cff1e0cade8,0xB21E436D4deA46adbB3F5276d357180e694dC8b7
0x8c46f8e064d8af927d788ff166ada325d00f00c77131d2784b3a432a46ddfb62a3cb10ecc247f04a96c2550754c2cf64,0xB21E436D4deA46adbB3F5276d357180e694dC8b7
0xaf1035af748145c398f9d10851832f210fcb6e0dc879ad73f8d6eafa9199e164a5c7e0965281227517576ce48efe9183,0xB21E436D4deA46adbB3F5276d357180e694dC8b7
0x977d47d6306efcc2007e4ac380a39a1ef86b3ba2a68ec45946a010414b8962b1cf5cdc48edca1b950c8fb10f6285f903,0xB21E436D4deA46adbB3F5276d357180e694dC8b7
0x8505cb065cfd267ef616aaa147e2ef6c3c674510e164dff5666d41e657de617d2039b2f8eea94f900ba0652fa9d0796a,0xB21E436D4deA46adbB3F5276d357180e694dC8b7
0x94d348428c176b221e6f27a7b557eeec9e917b56be25f0a3e2e3e6521096cf4eeefe545603efc08c50320c821211f057,0xB21E436D4deA46adbB3F5276d357180e694dC8b7
0x8440f8583190918558519a43fbd2c6cf89602abf3fec2070cce02cbd1931ba42cefc9dd7c9752b96b99c727955dcca90,0xB21E436D4deA46adbB3F5276d357180e694dC8b7
0xa3fdba167782bf64c503834da7f1d97f2bfec2449e9fdd0d41fc91d2fc20fda137e7ef57564d7872f36e1b78d7d96667,0xB21E436D4deA46adbB3F5276d357180e694dC8b7
0x8024e25f647964b674c09e89d1311f8d1a41b9fd9f3197a2b34dd8b173fd8f95e536479dd3d43e5d363d72c81495dfec,0xB21E436D4deA46adbB3F5276d357180e694dC8b7
0x881ec83fc4cbcc83db96bbe6e809fa2095e9f37dc5ee81b52658247d0306425d416bc7a707ccb0b8a247d3130b07030b,0xB21E436D4deA46adbB3F5276d357180e694dC8b7
0xb55dcf090e028fa151430d27dae35aa7d553ecd6185b9e0230e63b5d0cb1bbf434d4b4a0301c59d48e1d9f0982d23e15,0xB21E436D4deA46adbB3F5276d357180e694dC8b7
0xa74302b17d76457b65459d35daba106788e92476432d777b88b53409b8aa6420e25f4f38dc31cb81a883463adc6dd6e2,0xB21E436D4deA46adbB3F5276d357180e694dC8b7
0x9140906af416a1ff3ed1c1ea5344b4bd7690d368e5d88062b3687dd5ccae12a56de8458282e6153f04d60a3d67ec8bcf,0xB21E436D4deA46adbB3F5276d357180e694dC8b7
0x8a945f15ec8b54616ad975c773a2ca88c9251ecc73653345ceb31f5eb18ba7f8d99eeabedeaadc6b2a749523953ad74b,0xB21E436D4deA46adbB3F5276d357180e694dC8b7
0x8994e7a9fb2ba320987eda74414680831d2f16234c287b7a14aace4d83a67bd5eaad48ec419c6c4726e3b6af3d0cf604,0x0216CfF879B17B5beDe762B3e4071B49c8696a25
0xa2355def299744e5496783509c2c4a5855bbccbdddc758df62873a156537713cecbd6fdd1fe5f8fe3186bc98ba3bf6d1,0x0216CfF879B17B5beDe762B3e4071B49c8696a25
0x82549f963f0df36dcb6bb25c6fc094689da905e8d0808c512e7dfa998914b55e125b6ec97c8ff67de9e87727b401d1e4,0x0216CfF879B17B5beDe762B3e4071B49c8696a25
0x82218dee6e9fbdfc20949e7c4e0ea1a3ab128dec75c2f0b4335fd8363ed93263cee41761c1f69ee13d5731b390c2c7b7,0x0216CfF879B17B5beDe762B3e4071B49c8696a25
0xb8d68e1548ca0c31ae7832d8c5f1550538244aed604e59f617ff0e6c87207022f719fb24cad342f699e217888247215a,0x0216CfF879B17B5beDe762B3e4071B49c8696a25
0xb794b8417719203870564ad48736fec315c36e4cfd86f98c843ebfa5ae97925c32cf9c6ac142f7a290a988ba0accb663,0x3d1be477186D64B4f4fba7cB773216dA0C2B474F
0xb651ec4c5358fe28eb9f96d98f76ae47882ffea5a9f0d9f038fe6431e7fadc7ba2978064c15d921c9bc2ca22b48d8c55,0x3d1be477186D64B4f4fba7cB773216dA0C2B474F
0x97d2e5e39fadda66ea510c9ca98635c1e32099bdf6d980fae99cce517ee649ed676647bd2c150593a5df7f70031160f2,0x3d1be477186D64B4f4fba7cB773216dA0C2B474F
0x8d3af10d919a143f2f124135ef214c6232d0227df95c22c6110c091a9812f3b93de6941713b4e4167587c16bab0fc875,0x3d1be477186D64B4f4fba7cB773216dA0C2B474F
0x93583aa245d780c6a8f154811a3642b63193c43dae4650884b0136e123d1d9e28e9dfa84f467f8aae32bc7f78c036df7,0x3d1be477186D64B4f4fba7cB773216dA0C2B474F
0xa44d1c8d244df31df85b836a202a3afab4ce59a615042ad1bb56efc4d14759592a2568cea5912efee438cdcd13bf0762,0x3d1be477186D64B4f4fba7cB773216dA0C2B474F
0x95a99633b254cb10ac6caf4c5d42a69f3e4bfebf190b0df3d7490914297ea4800d4b2d966c6b712f7707af65058da538,0x3d1be477186D64B4f4fba7cB773216dA0C2B474F
0x8c9ab8ac11c5899d3f61154e0b933a81e97ef10d825fe0be8c29291c21084d0269929bf1da1887a5b0c50288bd1bbd3a,0x3d1be477186D64B4f4fba7cB773216dA0C2B474F
0xa41bec62e7c97914900ca1577333474639f0a0f8713ed99d4f604242ff699e0824476a43cb6be0e8cd51a2969774db63,0x3d1be477186D64B4f4fba7cB773216dA0C2B474F
0xa365787b8a3ecbf2ce08458858b3725b348ffce3c62e4aaf70a102e4e8e43ee074c69b8ffab765c8c3fbe1c7e050de39,0x3d1be477186D64B4f4fba7cB773216dA0C2B474F
0xb1cbe0b468d91fd85c8ca49ce7394bbec158ce77240ba9fc12f6de06d9ced104a04e61b7d7f74f7653ed7f1dca3f1a53,0x3d1be477186D64B4f4fba7cB773216dA0C2B474F
0x86abcc3422ab6750fddc8d90314d5c63c79d745fbd550c97f736e9349978b597dd7634f066b861a15137b1cebbeeeacf,0x3d1be477186D64B4f4fba7cB773216dA0C2B474F
0xb158428cd68bd9be69a6d07d66d2ffeeb4e80e8d68c6ad20a6af65c5195435c734332d24a5b1125456e7a77a52b2c171,0x3d1be477186D64B4f4fba7cB773216dA0C2B474F
0x93bb13fb10e41af9ec4b99a7bdd11eb83998c20a614b4edd62a80d58b3cb44edda0bea747372899c8abb988dd8cc6d91,0x3d1be477186D64B4f4fba7cB773216dA0C2B474F
0x8b4514ea45d24f25259ff520ae33f893026cbb57c41111d6c52a4735eed6cdf02f17d3c4da1b5f0c36b0cd8872e680e7,0x3d1be477186D64B4f4fba7cB773216dA0C2B474F
0x8776fba34322d47b33c20e7cd1a4b31c04f2091ec66f076e3f511ae887a9d1c342483c8060bad58270f26e910e69fb70,0x3d1be477186D64B4f4fba7cB773216dA0C2B474F
0x90971c30fe401588433e1107fe553260c041ee8a62369231abc7b258dd11b1c92f80a41c222ff217a854af585d8c681d,0x3d1be477186D64B4f4fba7cB773216dA0C2B474F
0x80e427f760c8a05b00bfe0eb6535d8d318b596d0742ff9fcdb26e1556b4b9192bc66aef263bd29bdfa8b9836588c9ab7,0x3d1be477186D64B4f4fba7cB773216dA0C2B474F
0x931e609d8ec639430d39ca4ba871cda2f469303cb75775d924bfa1e104a14454652c33e1e05c66f4dfad874c9b21a753,0x3d1be477186D64B4f4fba7cB773216dA0C2B474F
0x84eb95f42d42bb13d600883015e159c09bc10aaaeacff7aff9405c0872a26771f0b5d7eb7e42f81aa5b43995b58b3426,0x3d1be477186D64B4f4fba7cB773216dA0C2B474F
0xa043b109e59309d55cd28916a12c48104d912f94824c54847d2dd38dc80409367b8f294ba2fb05733bdf59519e6bef6a,0x3d1be477186D64B4f4fba7cB773216dA0C2B474F
0xa5929ee4a2af2bc24db51bae4b61386c721286873a3065821bb1a1cce5e594ff339e87df88d4f70d0adab5f54d2f8364,0x3d1be477186D64B4f4fba7cB773216dA0C2B474F
0x8a2c9883a32511f9dbbe98afb6608bfcd2ceaa8e70f8e55647e808dfdf6c3a9b611464a1afbf3fda62fd970cf85c4545,0x3d1be477186D64B4f4fba7cB773216dA0C2B474F
0x85d6c53e443e978002c2da700a0fa98fea2bc02b8e77089754fc2b529c84fd9f368bc8ef4aac62fb8c250860e3184d8c,0x3d1be477186D64B4f4fba7cB773216dA0C2B474F
0x938592ed211a0eec330d317a68d4da852ee2a653d0741c0ef13c83ae2c0343055083c8f471806fadd6aa93d5ec2bff1c,0xBB52D5B7F2AE4BBe0967F4626d07aba89F462Ff7
0xaf9b8d2ac3774ac9fb588ad93f8293c80310400fbceffd7f0f8910eef1488fe945b045e366f6ce4bfd38ad0cc005b701,0x36c0A9B9D3799bddbcED6f584a70060DF368a073
0xa7fc0294d2b73749f615b6f6ed01c5945f415a29536f5a8ac200bf3b7d93dca778a8a10f145f86a2cefe01d0e91b2350,0x36c0A9B9D3799bddbcED6f584a70060DF368a073
0xa6edcc2fa3ea15b11626b7ac466538ae67eef0c944bd429c0dc850f61a4f23b501b370a8f0ba4e53895422ddf79133af,0x36c0A9B9D3799bddbcED6f584a70060DF368a073
0xae07d62bb1c9a3c0518c49068a1573cdd4d9afc692cb19abeb7ed75910e70cd355bc2f83b0fce37499e88ecb4f280553,0x36c0A9B9D3799bddbcED6f584a70060DF368a073
0xb8a106016073f4a342f395545c188573781a36babbd977e188f04045b423df2a0eee531d33f937e387b6be13ddec5a26,0x36c0A9B9D3799bddbcED6f584a70060DF368a073
0xa754096eb046b8c8bf4cab961c23cd3bb43a342db2782e72ae3c3c480ac638b660f47da604205832a09ff93055ac9076,0x36c0A9B9D3799bddbcED6f584a70060DF368a073
0x8a2064a1df58f4932994db0ca1ff0b32b40366d98636a2452c350f4819e9e052a93c354f73b8b9561aaeb0c5677972ed,0x36c0A9B9D3799bddbcED6f584a70060DF368a073
0x95249db7912ec3c5b93cdae81016448999617e646f8dc93aaaa44734f4368d819a7c5fb4af1e70031d0dd50d87a2770e,0x36c0A9B9D3799bddbcED6f584a70060DF368a073
0xac6429afb325c6086c8b77c25c50343543bcd8305a17daa0fa69cf82f41a2363232f603e7cd754781c7c44380f32c8d8,0x36c0A9B9D3799bddbcED6f584a70060DF368a073
0x8fdb218c23cbe6affd81707ff798a2ca33d7ed390d5cc76024229b41d2c67c510a3f9ac20ced4fb7cbbc9feae1586310,0x36c0A9B9D3799bddbcED6f584a70060DF368a073
0x86d8a280bb6344ca29410b66ead57156eaa2afabb46247f0353ebac09f665b9572bc2fbfb1fcf7ae1473d7b5635f63eb,0x36c0A9B9D3799bddbcED6f584a70060DF368a073
0xa4fdf13e7f9c250d80b57e00e0018bbc73b7fd2ffce487bc7cbd91c7e6c9842a5da60b679adcc6f1bd8cfb67c2c74c40,0x36c0A9B9D3799bddbcED6f584a70060DF368a073
0xb5f7e86e75155b3773717c456032665a0acfe2d48952c2c693b4a5728480350c8851279db36085de3c1db78a12706297,0x36c0A9B9D3799bddbcED6f584a70060DF368a073
0x8c96d4d53d1230ad23446e26b3d060d9c8a7da451b0a126ed6f2aa76f64db5354348c4b74afa7a4ebc43303d2ccb617a,0x36c0A9B9D3799bddbcED6f584a70060DF368a073
0x897de811152c7abba9f01d7801a93d4b1d936fcce260d78f3c1c919838cc2be5226c05e4a640d035b426c543fc69c29a,0x36c0A9B9D3799bddbcED6f584a70060DF368a073
0x99b6d69f6b8019186bfa95d3ac6ee98cc5b0bbb0de227fd0a1bf5485c27d69332db5741f500ab49ef691469643bdde78,0x36c0A9B9D3799bddbcED6f584a70060DF368a073
0x8002e85cd6256a4182f544a0add4d6aa75aaebb69fc1d665b37e61bc20fd6be7de7621a0eeab424e7e3c9c55e239523d,0x36c0A9B9D3799bddbcED6f584a70060DF368a073
0x886677069c584c9033e72d83421b0d836ccc4e9c54701c3f1ec0ef10b0320719190d1e67437ff0b97963977e59ea267d,0x36c0A9B9D3799bddbcED6f584a70060DF368a073
0x86337e79d59527ad8d0ac6877d3a8d26d0509b9a1a50404656cb7ec912d23b84fba4018427405e6ff05b1af7586a053b,0x36c0A9B9D3799bddbcED6f584a70060DF368a073
0x855ab2098a548b4aea86d06bf11a11f582320a976eb0e2f4a66884eb8f573ae3b45b7a01c5efa845a8226fe4893584ae,0x36c0A9B9D3799bddbcED6f584a70060DF368a073
0xabc2bf7c8f544853232887580d071661445cd763d1e10882bdccf6cffdf92251c891e307f8a840419be23a96f6b43deb,0x36c0A9B9D3799bddbcED6f584a70060DF368a073
0x821e846218f7bec71d7d246caeaaabebe84506caba8ee72389498fc3019e6a5003f6929a5fb9f7ee6d228c63ea1b9360,0x36c0A9B9D3799bddbcED6f584a70060DF368a073
0x98c4e648ce4bd32d9249bd30b3130b2ebd4254bf78d129a56d3b8d5f088c635794466f6546a7dcf59eb7455014d4a830,0x36c0A9B9D3799bddbcED6f584a70060DF368a073
0x8f7c6fc3eead224dfe51d5e453ede4733aa032e4c364ebef9440aed895eaf8e318ad2c67000633e9c5d408ff91f82848,0x36c0A9B9D3799bddbcED6f584a70060DF368a073
0xaf4999c62401183ece74125e6766824a504cd77d20e081956286a0d864c195ce72dc5b82b9c8c7eb5195375d13e9522a,0x36c0A9B9D3799bddbcED6f584a70060DF368a073
0xb816d197c33d1c9ced2041902c884e393a49b5ac59cfe7ab8a227cd26887445de7fa16a94e39f148927a7a2a8dc7df15,0x36c0A9B9D3799bddbcED6f584a70060DF368a073
0xabe8da7cbcfd061c8f7ae78cc3d199e807dd1d2c82079f333cc8dc90b32e10fe4d00bc65f62fb03da9c26ae2bf64cc6b,0x36c0A9B9D3799bddbcED6f584a70060DF368a073
0x86e088571e6da314b7bd989d3b0d7c79bc2461c144c00b0518a2943bdce6be89d6345ebe2b81a8ea98b52b24605ce7bf,0x36c0A9B9D3799bddbcED6f584a70060DF368a073
0xab3c33ccb0566a33a0c6348662c1e0dbf218012f756846fe484a3f1e86ac41dac3851e6395c95e60d7ae0a58bcc7cd5e,0x36c0A9B9D3799bddbcED6f584a70060DF368a073
0x8da2a9cc802e6538f19b9b036ac378fd14e1a2cf60f02edaf191fe1c2a38430d8e6920cccfde7cba5058751645f37cff,0x36c0A9B9D3799bddbcED6f584a70060DF368a073
0xb2910ca9e065e72aae5e64d5ab7f5a43f7351f0bea1fdf2857fef4b2ef986eb9deafe8496accace27dbc85b102000e88,0x36c0A9B9D3799bddbcED6f584a70060DF368a073
0xaab6bc1e882bd8596f93f168e71f30346fc874a3378cadbdf587623777ead9c8fb00a00eaca0ac49c55a980caeff2225,0x36c0A9B9D3799bddbcED6f584a70060DF368a073
0xae55c5a1467dbcbb903e3f8e14c63d0e5dfe6bc817f17c2515e7c27f3ac953a9ab7cbdb8e46531e9705340cfb7c626de,0x36c0A9B9D3799bddbcED6f584a70060DF368a073
0x9334ffb1a5796bd6f95a44fe600c192638fe5706ca58f4ef3925514571f23d0eeb4f4e0f73970b22ebcd006a393cd0e4,0x36c0A9B9D3799bddbcED6f584a70060DF368a073
0xb3f815d8a5ead05b0a494ccd296a043e5104c1c1c829052dd073b38913d483a3c6bd6f7b8f171f91cd2403088cc39ea7,0x36c0A9B9D3799bddbcED6f584a70060DF368a073
0xad8698e0d85b4a18d2718252d19b1a8ec930a0409c373325bc30396ba2cfb63cc9f08a4b690e23810104e46f17d01408,0x36c0A9B9D3799bddbcED6f584a70060DF368a073
0xae5e3e68841014bee8f90bbd78def37a112fff20cb0bb98c85252bf83bd7e71551805c0d75e6af5dd52c0bf085ce2587,0x36c0A9B9D3799bddbcED6f584a70060DF368a073
0x989546988965f9c9512f8c433591d9ed6409dd145561bed65a0fdf0f1ee6b3d02e8f2bcc05763037d218627ee3d3b6ce,0x36c0A9B9D3799bddbcED6f584a70060DF368a073
0x8ace96cb5610de5191200ef97de5b7827b158ee0a831240546fac4a590b543662e2ace5d627b2a27b423401cd70d2021,0x36c0A9B9D3799bddbcED6f584a70060DF368a073
0xb87d47c699c3563e0414436a858974b13bf929a5cd01259dc609ce2f85021a881f58caf557e80598ba2a07c61a816323,0x36c0A9B9D3799bddbcED6f584a70060DF368a073
0x935198303719b47bf54bb7abd8b1d484a89b4777f4386260bc64e2794d0132e3651061610f97a2532df901e5a6a2ef35,0x36c0A9B9D3799bddbcED6f584a70060DF368a073
0xaec471cab1bc286fed84f0cea52a0f3e6f0a7dca07f41c29b6316fdc911d1eca923c23dbcf6262d0e05c2fa61c75ecd1,0x36c0A9B9D3799bddbcED6f584a70060DF368a073
0xa3d773c2e3f977c557d2ad79053b770aa018c91a932d39241eacbeb33ba69e4a7a096955dfe9bc6e35542875352ce05d,0x36c0A9B9D3799bddbcED6f584a70060DF368a073
0xa2bf69023abdec6723b9f84d318375c425986675456fd05d8ef73f74461860da807a2d3cb393f85e505d3e9858ebc247,0x36c0A9B9D3799bddbcED6f584a70060DF368a073
0xb6f132efb0809c6d55710bd8a7c67326543a6a53b95acf90ab3bef105ea788d5a99065ee008117d8ed13c54a2e7d5264,0x36c0A9B9D3799bddbcED6f584a70060DF368a073
0xa99411be57bd442d390ecb73474db84baa4eda8113fee542a5204ba5da86c6e5c30dff85013f307ebdb3b4d885ff2f74,0x36c0A9B9D3799bddbcED6f584a70060DF368a073
0xb1e7d12a93c65561a0fcfdafff82dd915e2522edf4ae83e2e501acd9922710f6714563653c08753ef251125860c21947,0x36c0A9B9D3799bddbcED6f584a70060DF368a073
0x8a708e6437a506ea730aa08f3cebe78fb6c54d4cbf01ffd31e4b8a622e45dc076986decbc9bce9f60b6242d74ece5e1f,0x36c0A9B9D3799bddbcED6f584a70060DF368a073
0xa742f8771786d2a37564930f1afa5473076649ba081819e44c00b070799c64bcf4507ed823000bd40fa93ece8a783c8f,0x36c0A9B9D3799bddbcED6f584a70060DF368a073
0x984029bce829f90efa325a426e0052e7c89c2db73269abd8ed594c54e94192c8b723b40a400f5f9f4406927806c2d842,0x36c0A9B9D3799bddbcED6f584a70060DF368a073
0x934c88fb32d3691d26d328bf430b5a775274487f862788283aff4b2fe85037da5654050ce33ff962775b6eb9b1e04423,0x36c0A9B9D3799bddbcED6f584a70060DF368a073
0xab2f7e7276faba243b28c132b21a88d3ab7949bcc03b1e7288c68ba805eced473dd9715a5c30fa893a42c9f7966f2c4d,0x36c0A9B9D3799bddbcED6f584a70060DF368a073
0x921a7aaa645e93c84ed033b5b7c06768855a43af85a7c50a522e341d1d2165723b3aab69607b498b784edd24938d6a93,0x36c0A9B9D3799bddbcED6f584a70060DF368a073
0x80605aa26ec3963e9db05900d5a26e905a06e43c76a3b4d7daa84bce48e437692b5a05f082fc1d56f0330d86e079f503,0x36c0A9B9D3799bddbcED6f584a70060DF368a073
0xb48384a3bfacb895fcf9d7a509656154332de46f469490754db19069e61b1bee7961dddadc9ac75e0af7f06772d169bf,0x36c0A9B9D3799bddbcED6f584a70060DF368a073
0x8afaef8a648cb562acc2e18c8dea8742edf49043fe9e577857f88d4816ab43266065a5a57df865be687c342c5a0f25e0,0x36c0A9B9D3799bddbcED6f584a70060DF368a073
0xa0be9b5e18baf04586f65bd657f47cf9ef4e604fcbec3ad602a21fd0dba20711534accf133727c7145ae4250c9ffceca,0x36c0A9B9D3799bddbcED6f584a70060DF368a073
0xa28046f61851947b506c672124d8d971173490209167046bf4bdffa59f12ba2544cfac478bb7c2bf3d3f542b80341326,0x36c0A9B9D3799bddbcED6f584a70060DF368a073
0x891f048283e8b7ca9143ce013a28e460363f6e1580a9393a7779ddb310ecf37ba022f96e13fa506a4ee5bf6e3b3da100,0x36c0A9B9D3799bddbcED6f584a70060DF368a073
0xa01a512397b99e9efef0d4552c60dfb6413efa2bbb17aed909237c1917623532e568648f7feda51a1b167eb48c6225ff,0x36c0A9B9D3799bddbcED6f584a70060DF368a073
0xa243d59dab63173968194e8a996e9b99d07f00ea9385c9990a6395f03b801be1789fdf1ecffff0d151bace12e8917155,0x36c0A9B9D3799bddbcED6f584a70060DF368a073
0xa3a71efbb64901d3a04f8b339c230d24213e2691f6f1b997172cc99a665ca77bd9732c76b171048b9d74d43a0db96249,0x36c0A9B9D3799bddbcED6f584a70060DF368a073
0x97bb724de11a264aede8807862e34160b71516195feae8d0b1a65c58a9c206c03d1a74b5cf07767b7152ef8a3a4fab4b,0x36c0A9B9D3799bddbcED6f584a70060DF368a073
0xb6058e6b4f31a0384b62a3c323c0d082075fcb4241dd607674a7d17a02ba7551760ba31225d0dd62f8c3af3d104b4f95,0x36c0A9B9D3799bddbcED6f584a70060DF368a073
0xb1a287e00eaf153add0b693ad8993c72b900a978f96bf48f419bd980538812593eb6f7beaddc99765cd15733693e3653,0x36c0A9B9D3799bddbcED6f584a70060DF368a073
0xb06ee0d760d7332826da25cda4da4be657c60255400a96f2fd2e50dc046af0997f6702cd17e9d1ce0b5e774056e2bcd3,0x36c0A9B9D3799bddbcED6f584a70060DF368a073
0xaf98b1b6c248ff5020249b8415118d65ff88c809e9d33488fbdc175ff63b6b75e9f81e58f6fb8937765c259aec85edff,0x36c0A9B9D3799bddbcED6f584a70060DF368a073
0x949c4fe3fdb4532780477900c5af91beddf1581fc7444a735bb20f8e0fa398b18644b9d3068753a241cc42fdb53bec11,0x36c0A9B9D3799bddbcED6f584a70060DF368a073
0xa1c9583cb5d19a36de20103add6b58b949c107f1fb8e23e9535d64de385601f84e8ab4612be38f76bdae1f6c76786423,0x36c0A9B9D3799bddbcED6f584a70060DF368a073
0xb398f00491aceddc8674febaef214c111ea034a39f5ca505d51c5dd0e413d9b6aaceea8080260cf0a3f306c3164be7d1,0x36c0A9B9D3799bddbcED6f584a70060DF368a073
0xa4ff8b1d8b63b13fce84e752eb76517be806f595390e99e8e2151e32ecc13949bbdb6bebb4152a09d6d3e80c07c44081,0x36c0A9B9D3799bddbcED6f584a70060DF368a073
0xb9c2baba8cf72e1c6a4e63b2a56d99e53466d9a0ea662dd1eedae9a21ecc4237871715b1b575dfa52dd01a27da8811e5,0x36c0A9B9D3799bddbcED6f584a70060DF368a073
0xa1694f433597f9ef7603a7ee9e652af976108904a23e034f561adc2fff9d148932c7da8f68b06daf1a6e327b10268bd2,0x36c0A9B9D3799bddbcED6f584a70060DF368a073
0xb506febfacf25f354fdcec4eb174d0e593eebdab23966b2d2164c79f313fed3a77fabb46abe6fa1e807c72f483745ac8,0x36c0A9B9D3799bddbcED6f584a70060DF368a073
0x978060d61639131595c24ce860a0b6026a3909a2a4f7c93e904aa22097e88c0ecd649c371ee6d41f0a2f18b9d6170d25,0x36c0A9B9D3799bddbcED6f584a70060DF368a073
0x96020be288af5f76a4b5c2b932da8e8914b20736d0c77da11aa9f6db06e7281935d5b214e3d81d93429341ab62bfe2a9,0x36c0A9B9D3799bddbcED6f584a70060DF368a073
0x85c7c07942ad170ba759e4bf496fe363f9fb8961f6f3ca30a0a0499937ea99bd72fa94f405770396f8b33b52a0b13d3e,0x36c0A9B9D3799bddbcED6f584a70060DF368a073
0xab8057c83220655ced20c64c21d6d10d0016cc8f1ee534791831e6f30c9430585566bffa342deb799bc9b863e63a0546,0x36c0A9B9D3799bddbcED6f584a70060DF368a073
0xa6f2dec878f438246efe527de59b1e41192693a825f9681aa59937c044c782c82e1ac229c36cfefd2c424a2305767d2f,0x36c0A9B9D3799bddbcED6f584a70060DF368a073
0x93fa99a1ff3ed9011babc7738e59bceb104094a841e24dabc9133cc71add07939c12a25a0bfa31ad6456d50ea80952c1,0x36c0A9B9D3799bddbcED6f584a70060DF368a073
0xb5941496a683402121ca7149c5704699f3de5c8e2cceda713f550375e6707e0b6e8ed19072149c0e38185e94e023a384,0x36c0A9B9D3799bddbcED6f584a70060DF368a073
0x98c88cb806fd90ae2ac910ba3165b028d36d80ec0323d8ed864ae76ba3be6d17da0209bea0a2dedd2d6ac2ba66dd3ace,0x36c0A9B9D3799bddbcED6f584a70060DF368a073
0x8bbd5207bcfcdc831b263ffd8b1c66545874cac58a9881a41484604a1fb3d41dce169391ecf5fb7ae117d2b66afde91b,0x36c0A9B9D3799bddbcED6f584a70060DF368a073
0xac7a5280aba35d012ab62a51906466d154c36f70698e0f866501983eea51f8a64aa647f888236c5ec59549b214823cb9,0x36c0A9B9D3799bddbcED6f584a70060DF368a073
0x978cf2f9010f2ae94cc3e11e1d1e27a2d6b44128e69ace8b5a1cfba0715f7f1d5f71ad627da7d023319ae9df1702ea31,0x36c0A9B9D3799bddbcED6f584a70060DF368a073
0x854c5a15d865a92b78e676adc485945b7b23dc0bfaf9a6040bea592fdcf5cbf1d26a271f8994c5cb827ee11768f1d982,0x36c0A9B9D3799bddbcED6f584a70060DF368a073
0xa9cb8e1d80860fb3e7078b929bb27b34db37497e639449c7a5b7886c74042ad571fd8c610e18cbf3db673f4554c9fa8d,0x36c0A9B9D3799bddbcED6f584a70060DF368a073
0xaff7ee07d2e7b9e51311c517d4f7d26b3b3062a1d9bfc84b27b19d447db2ce064a18ed892287da1093593a0b47676ae2,0x36c0A9B9D3799bddbcED6f584a70060DF368a073
0xa92958aa3023479cbe6d305c3281e6f55589c03206375e5c5dba36033100b7469c5ee59ace2a94bee963738e84098261,0x36c0A9B9D3799bddbcED6f584a70060DF368a073
0x835a6058700e504c4aa2f5f98bd6100e5f8f4abcd4892ecf8c7c5952b39458901b496be37fc00f93726a8da76cfe4bfa,0x36c0A9B9D3799bddbcED6f584a70060DF368a073
0xb15b61f1b11be5b4d26ec9a52579d6a65b4bfbf22d7608cbbf8eb388995b5fe80ca90ea09557e20a7151e99292262c96,0x36c0A9B9D3799bddbcED6f584a70060DF368a073
0xb5908bcef483c74e92a82d2eab1d2f99c271bb5b54e6e4891e910a173f3839ba70c6ab56a46697d343d8ce95988985fd,0x36c0A9B9D3799bddbcED6f584a70060DF368a073
0x82f164b2b06f568ddb2b98925e833cc06365263d6f580235d1c324ab578eb8d3d79cb01cb0358d332ce13c78c1c30f12,0x36c0A9B9D3799bddbcED6f584a70060DF368a073
0x99c65f4713e86527002d0048830034621add5f2195e39929878465a46fa647ade5091df3aba9986d9e31d8fd3f1fe64f,0x36c0A9B9D3799bddbcED6f584a70060DF368a073
0xaaefcba949013284a1df4b4ec5c76f8762af42bbb292829a1e00f3d76b9c5407c67897916901340090ce8dea6647701c,0xF555a33C07eEAB91EE4bF1Bc950c14Fc8a9EF1aB
0x97ffc020c87d80749f8eb98f319c245d70d0ded1126536494098b7faf203c387b9d2004584f1289979f8bf13912afb29,0xF555a33C07eEAB91EE4bF1Bc950c14Fc8a9EF1aB
0x82d1a7386168ff7cccdfe0a68027e4bc86d98d199d1b38771cb1d8ab1dea644dd9f32bb1f78e73f1fd7015b26d51ec08,0xF555a33C07eEAB91EE4bF1Bc950c14Fc8a9EF1aB
0x9224bda767c7cbf459d90a535d249f3ca3f2fce5131410fae3c2d818764af5f6400922efc451687cadcf03de91486d47,0xF555a33C07eEAB91EE4bF1Bc950c14Fc8a9EF1aB
0x8358d9ed705fc7ec92b15bfd4d55fa90658b3e1e062876acd8ed6a18600b19073bba05dd314efad30f75c2cb8ceb1deb,0xF555a33C07eEAB91EE4bF1Bc950c14Fc8a9EF1aB
0x9571aa6c2172b57dd597feda5e187d2db9e29b9919d1dcff0fba02daedd27a2be3b6551efb4861e546be93bb3bc55273,0xF555a33C07eEAB91EE4bF1Bc950c14Fc8a9EF1aB
0xa69ab151e0e3e6be53e9b6ea058c42255358faab2e08146340737a6eb72c9c847cff70668cdd700e7168d2036756523c,0xF555a33C07eEAB91EE4bF1Bc950c14Fc8a9EF1aB
0x842106b1fb8170b811d38c4769530a73669be39e2b2d129628928d71b859e9b756702e573cf4f5768162bb2886ef2357,0xF555a33C07eEAB91EE4bF1Bc950c14Fc8a9EF1aB
0x82a794e26d7021fdd05f64e2dfe21046d76a4d34e876c80cf3223882388a043232b8c33b1c6f19e1b0b8bdb0e5b39494,0xF555a33C07eEAB91EE4bF1Bc950c14Fc8a9EF1aB
0xac1a2ad49a8eb0e959e316df9c4918ee6721f905fac32c0484968894e0f268820e4cc17620ad571ba25174e364c48fcf,0xF555a33C07eEAB91EE4bF1Bc950c14Fc8a9EF1aB
0x917315f7e7ad43985fa976b390fb4ce3e95e69380780b4025c6275bb577844fa41879dc8a845556ac4f67adf7aac7710,0xF555a33C07eEAB91EE4bF1Bc950c14Fc8a9EF1aB
0x952e0011f509312f8921abaa2b3d4c05a7bca666110468f060892a4eec3c6372d1e625cc805298e3609513953103e2f1,0xF555a33C07eEAB91EE4bF1Bc950c14Fc8a9EF1aB
0x8fea0d64dd5c055393147ac5e71805c07d54d8fcd2f83520b24b0e966149b64e4000e4982faa28487d90b9c5d4f84ae8,0xF555a33C07eEAB91EE4bF1Bc950c14Fc8a9EF1aB
0xa9731da3b18fc92578c397c2ef8b811eabfd93e46457fe82b2da17fe5c8a0c9c7430cd57a5b3f13ff911f48bbc3dd6bb,0xF555a33C07eEAB91EE4bF1Bc950c14Fc8a9EF1aB
0x9382a978fad172e11c9db45c549a0dab1bde453129a2d4c67b42c0c5337098a7efa0ff8d9a368fc733f619664d499b93,0xF555a33C07eEAB91EE4bF1Bc950c14Fc8a9EF1aB
0x979a78600dc093334040fee1a05d792aa284d33596bc214c42fb77291b6a9d60326f8b2b0f4f30c40928f217ab716c5a,0xe39640588571F507298F688bf8b1F68D9600F96c
0x99eaa7485b7e17d40e4696b69129384cadc7dcdeade8c6a0557c3508eb214509898f5d67e72e9a124d08f53266dd0f23,0xd6781E7F15752d3F5764609a42A803A7345DE25c
0xaef965d094dc1d8977b4c63e7cb177a5aac2f426422318be3ece75aa71cad32980eb0267f6712a30f3b1bded89e1414a,0xd6781E7F15752d3F5764609a42A803A7345DE25c
0xb55fa27e89bc78dd19d60772116fe669e95a5599c31b0b0536a0e655bfad4f4677800cff00f750457be375c0019405d0,0xd6781E7F15752d3F5764609a42A803A7345DE25c
0xb998d48be0bbec401c25404333cd40d459c7c6a05eef1e8352f8775b3f69f0a95908e16413e2ef8c7a080d8508c91b95,0xd6781E7F15752d3F5764609a42A803A7345DE25c
0xa3231355bbbe6a348968b73d8e97326ec6a47bb5cfce6463de59dd3c5f95d13b146821d29de4ec9e0062cedaf75f4533,0xd6781E7F15752d3F5764609a42A803A7345DE25c
0x80f6beece980b2de83aec3539a9c5422b2301ab47c41f4e0dc1b6ab7d3cfcbe24d4dcd6dadae55b5714dfd759e7eef01,0xd6781E7F15752d3F5764609a42A803A7345DE25c
0x87b7aa9282c5c70859d7bed4029dcff684397c820596fa33a05a0e40506e74718616158aaba66b2a1136c8361dc27dbf,0xd6781E7F15752d3F5764609a42A803A7345DE25c
0x933306bae45ecb00ee1ac992e36bd1f2b6441fa6f9f910d47647cce39d9a511d3f54c2aa657c534fab1f7499a1c0f331,0xd6781E7F15752d3F5764609a42A803A7345DE25c
0x82dc5be096b36acd2abae363c395ff7a5f8e8944df7d1da78c649547df7dd0a642d54c265a3556e35e95618b85cec042,0xd6781E7F15752d3F5764609a42A803A7345DE25c
0xb5d21083223dedd9997ebc44f00f6b207c09e555ae74a06a07b23a868c9480f6c73e6c03b8709094b878e0c321bc00f0,0xd6781E7F15752d3F5764609a42A803A7345DE25c
0x973b52d50f0de3b8b6df5d0645242a4a4064528e9a29eabd8f6bd98b9060c146a24c5e02275f9fec1a164c344baa4d42,0xd6781E7F15752d3F5764609a42A803A7345DE25c
0xb3d6f8d9ddde555611d4a498652e114f9ca33ccfbb189e1b76e25a0f92f099991f429c6b4c1bc18f87863b077c2b9145,0xd6781E7F15752d3F5764609a42A803A7345DE25c
0x80378e50929a7b74efbb8985263e47ea56b6b58289574ec139e2dea6f7b9c963cd77912dd1090ce1c2f41f23bae7541a,0xd6781E7F15752d3F5764609a42A803A7345DE25c
0xa120090b6b8fcbf60f852ae5518b37daa066845374386dae24c402481f0047122ee2bc6960a98c3dc4557e51f2c4d0f2,0xd6781E7F15752d3F5764609a42A803A7345DE25c
0x80713d00ad1dc09cc32c20c400a929f9d9a8684d24f2ffeaf80275a2e3b87132a852cdbb81fb0a97b2474228ce330a85,0xd6781E7F15752d3F5764609a42A803A7345DE25c
0xb54fcfd859ea9ad6f0cc67f2ff2ac978363a413a937651483bb28276bbbfb14400ed66565e88d2fb13ec1710b2759277,0xd6781E7F15752d3F5764609a42A803A7345DE25c
0xa9c31472c6f9a0e57a54e253e279ad7482e32722879e884e88ab2d66a8ff0e27b0fe0a4d82dab11f2a560a106084305b,0xd6781E7F15752d3F5764609a42A803A7345DE25c
0x94a9d73c45ab84d61dbbcac84a2ae11bd6c1ca4f288adc89dd97a88eb82ffdf39773d1b22261fdfd37e8141de2c0ad0c,0xd6781E7F15752d3F5764609a42A803A7345DE25c
0xa8ea65a58f318af13e090b8f01bcec8aec71dc8cec1eb62cec52f6324206f2b97a53bc0a755ee4386e708ee3ea9caf48,0xd6781E7F15752d3F5764609a42A803A7345DE25c
0xb5bd24ffbf3ef9ec6e01e90681ad302e7625c28d3155838a4a1aa833497fe0f4f39b2a46916b62b567a9c5522586f71f,0xd6781E7F15752d3F5764609a42A803A7345DE25c
0x96576749e9c9b1b91474c1af775213e317cbd267ef64009257b70acbed7d80351e4cb2d9c03c1ae7b15cd50748c04e92,0xd6781E7F15752d3F5764609a42A803A7345DE25c
0x80ad2f8bc4484ed25d8031680bd0c1c32480dcbeb777619d9d7122d0c715afd35b8ed235bc843d95ca8545059961d735,0xd6781E7F15752d3F5764609a42A803A7345DE25c
0x8600968dac27dff91da6ed5ea964cfe27d9204e94f51850347985fb1699c44e909328e63495bb5f72af9dbe5e7e46a32,0xd6781E7F15752d3F5764609a42A803A7345DE25c
0xb41399b8ab4f2522bf2c4af494f1cd9bee227172a16eb1f4de171e3d8bdec69a1b0f2c3c957db2ce6fd3af709215815e,0xd6781E7F15752d3F5764609a42A803A7345DE25c
0x9291652501cdc3ca7a8e2ce5189efb5c421b355c68c9bfd700436feb12adf999677f9381c929f63c7002c0408c7bb183,0xd6781E7F15752d3F5764609a42A803A7345DE25c
0x8729ab2315e3bc68ba736ec1763ab948a833f2feb5d5b1eb7c65f48b652b75a4fc70b0dd111106c3ec1efca4801752ac,0xd6781E7F15752d3F5764609a42A803A7345DE25c
0xa3663aa1a4a08e52a75ced8e7fb21237c315842519ff8af7f5a651fc28c6ffb075199938e23837c194f0d50135c3639e,0xd6781E7F15752d3F5764609a42A803A7345DE25c
0xade4bec4e6c447b232be91cd2df0c57ecc6488283e3f0f0a36c7a7e01f81f56232ebe91e1868235d44c5bf5c32aa14ad,0xd6781E7F15752d3F5764609a42A803A7345DE25c
0x8823e1dcb117f3e5b8d6c639fca1aca9fb475f837f769f40c9b21bdf08039427c7f3102910926b23d7c90389a3925c44,0xd6781E7F15752d3F5764609a42A803A7345DE25c
0xaa4141fd163cb6271b40182f716e56c6296569c150e1f0de13e12a2cf6d8de2fd2cf805e1005f33db64d9c1d76c4c716,0xd6781E7F15752d3F5764609a42A803A7345DE25c
0x8817090b71dc13f0523fa54467ab17a151d1e5bbc16d5e0df72311d0081796dccda497fc10445eee5388f763b98f80eb,0xd6781E7F15752d3F5764609a42A803A7345DE25c
0x937585b96b90496f43c56ea943384c77190001cc680365d8cee1b4d83020b923cae7c80b22e9a0c51d932bfa68797db3,0xD3825cd251eF9AD7b9Bffec5851e438e15D0a358
0x962c989fc6b93ed86269139fb72bc784d7b31900dda1ae07c317c14429707cb7953c07f26b5f42230da631d8638723b7,0xD3825cd251eF9AD7b9Bffec5851e438e15D0a358
0x9378527b4971bc4143ce7d7a71becdce6de198e790c9a54269a2934a9f0f3966080d7b68e4bc9c0e886b15395b2e99a1,0xD3825cd251eF9AD7b9Bffec5851e438e15D0a358
0xb3a60d2d0a538dbed6eb99ea8b166a51aef6d17926c063679bd28c37a459f6518a1691d4135e310604685809f647bbf1,0xD3825cd251eF9AD7b9Bffec5851e438e15D0a358
0x95d3cfca3678f9bf0fe225307b32110ac1dbf0d41d9888a19e9b015c0e650e5edaf238c59512cd30d962a03c7c91ed5c,0xD3825cd251eF9AD7b9Bffec5851e438e15D0a358
0x835f9a46c680ff18d08614d984a16b4e12701407421673427f1d5be2f9318d6181eaa7b4fad86516fb9488ec773d42fc,0xD3825cd251eF9AD7b9Bffec5851e438e15D0a358
0xa5e7bc818c89246971acff30209cf19c9b1f6097352bb7dd9c9f2f28037ef642d422405adb617819a14c2fedf44a76da,0xD3825cd251eF9AD7b9Bffec5851e438e15D0a358
0xb87f38b74f288125ceef7650318ba6a5f76204a3465b544f43abb70288f5c457c0842fdd3fa2eb8bdc0de7f8dc2c3bae,0x72288Ee8c6304778D5d78AaB71F50acAC61E7B81
